use master
GO
IF EXISTS (SELECT NULL FROM sys.databases WHERE name = 'abiz_admin')
DROP DATABASE abiz_admin
GO
CREATE DATABASE abiz_admin
ON 
( NAME = abiz_admin_dat,
    FILENAME = 'C:\Program Files\Microsoft SQL Server\MSSQL11.DEV\MSSQL\DATA\abiz_admin.mdf',
    SIZE = 10MB,
    FILEGROWTH = 1MB )
LOG ON
( NAME = Sales_log,
    FILENAME = 'C:\Program Files\Microsoft SQL Server\MSSQL11.DEV\MSSQL\DATA\abiz_adminlog.ldf',
    SIZE = 5MB,
    FILEGROWTH = 1MB ) ;
GO
USE abiz_admin
GO

IF EXISTS (SELECT NULL FROM sys.tables WHERE name = 'cache')
DROP TABLE dbo.cache

CREATE TABLE dbo.cache (
  id varchar(128) NOT NULL,
  expire int NULL,
  value BINARY,
  PRIMARY KEY (id)
)
-- --------------------------------------------------------

--
-- Структура таблицы database_type
--
--
IF EXISTS (SELECT NULL FROM sys.tables WHERE name = 'database_type')
DROP TABLE dbo.database_type

CREATE TABLE dbo.database_type (
  id int IDENTITY(1,1) NOT NULL,
  name varchar(100) NOT NULL,
  PRIMARY KEY (id),  
)

SET IDENTITY_INSERT dbo.database_type ON
INSERT INTO dbo.database_type (id, name) VALUES
(6, 'Customer'),
(3, 'Fleet'),
(5, 'Import'),
(2, 'Parc'),
(1, 'Registration'),
(4, 'Sales');
SET IDENTITY_INSERT dbo.database_type OFF
-- --------------------------------------------------------

--
-- Структура таблицы data_bases
--
IF EXISTS (SELECT NULL FROM sys.tables WHERE name = 'data_bases')
DROP TABLE dbo.data_bases

CREATE TABLE dbo.data_bases (
  id int IDENTITY(1,1) NOT NULL ,
  name varchar(100) NULL,
  caption varchar(45) NOT NULL,
  database_type_id int NOT NULL CONSTRAINT fk_data_bases_database_type1 REFERENCES dbo.database_type(id)
  PRIMARY KEY (id)  
)

SET IDENTITY_INSERT dbo.data_bases ON
INSERT INTO dbo.data_bases (id, name, caption, database_type_id) VALUES
(7, 'reg_track_20101201', 'Reg Truck 2010', 1),
(8, 'car_russia_2010', 'Reg Car 2010', 1),
(11, 'b_park_2010', 'Parc Bus 2010', 2),
(12, 'b_reg_2010', 'Reg Bus 2010', 1),
(13, 'cbt_mos_spb', 'Fleet Moscow, St.Peterburg and regions', 3),
(14, 'cbt_sib', 'Fleet Siberia FD', 3),
(15, 'cbt_ural', 'Fleet Ural FD', 3),
(24, 't_park_2010', 'Parc Truck 2010', 2),
(25, 'c_mos_park', 'Parc Car Moscow 2010', 2),
(26, 'park_car_centerl_fd_2010', 'Parc Car Central FD 2010', 2),
(27, 'Fleet_North_West_FD', 'Fleet North - West FD', 3),
(28, 'park_car_north_caucasian_fd_2010', 'Parc Car North Caucasian FD 2010', 2),
(29, 'park_car_north_west_fd_2010', 'Parc Car North West FD 2010', 2),
(30, 'park_car_south_fd_2010', 'Parc Car South FD 2010', 2),
(31, 'fleet_far_rastern_fd', 'Fleet Far Eastern FD', 3),
(32, 'park_car_theft_20110601', 'Fleet Theft 01.02.2008 - 06.2011', 3),
(34, 'reg_car_2009', 'Reg Car 2009', 1),
(35, 'Fleet_Central_FD_fix2', 'Fleet Central FD', 3),
(36, 'parc_car_volga_fd_2010', 'Parc Car Privozlskyi FD 2010', 2),
(37, 'park_car_siberian_fd_2010', 'Parc Car Siberian FD 2010', 2),
(38, 'parc_car_far_east_fd_2010_fix', 'Parc Car Far East FD 2010', 2),
(39, 'parc_car_ural_fd_2010', 'Parc Car Ural FD 2010', 2),
(53, 'fleet_trailer_2011_sver_smol', 'Fleet Trailer 2011 Sverdlovsk Smolensk', 3),
(58, 'reg_truck_2011_14q', 'Reg Truck 2011', 1),
(59, 'reg_car_2011_14q', 'Reg Car 2011', 1),
(60, 'reg_lcv_2011_14q', 'Reg LCV 2011', 1),
(61, 'park_theft_01_12_2008_2011_car', 'Parc Theft 01.12.2008-2011', 2),
(62, 'reg_bus_2011_14q', 'Reg Bus 2011', 1),
(63, 'reg_truck_2012_1m', 'Reg Truck 2012 January', 1),
(64, 'park_truck_2012', 'Parc Truck 2011', 2),
(65, 'parc_bus_2011', 'Parc Bus 2011', 2),
(66, 'park_car_centerl_fd_2011', 'Parc Car Centerl FD 2011', 2),
(67, 'park_lcv_2011_2', 'Parc LCV 2011', 2),
(68, 'reg_truck_2012_13m', 'Reg Truck 2012 1Q', 1),
(70, 'park_car_north_caucasian_fd_2011', 'Parc Car North Caucasian FD 2011', 2),
(71, 'parc_car_ural_fd_2011', 'Parc Car Ural FD 2011', 2),
(73, 'reg_bus_2011_1q', 'Reg Bus 2012 1Q', 1),
(74, 'parc_car_volga_fd_2011', 'Parc Car Volga FD 2011', 2),
(75, 'park_car_siberian_fd_2011', 'Parc Car Siberian FD 2011', 2),
(76, 'park_bus_2012_1q', 'Parc Bus 2012 1Q', 2),
(77, 'park_car_south_fd_2011', 'Parc Car South FD 2011', 2),
(78, 'reg_truck_2012_12m', 'Reg Truck 2012 1-2 Month', 2),
(79, 'park_car_north_west_fd_2011', 'Parc Car North West FD 2011', 2),
(80, 'reg_car_2012_1q', 'Reg Car 2012 1Q', 1),
(81, 'reg_lcv_2012_1q', 'Reg LCV 2012 1Q', 1),
(82, 'parc_car_far_east_fd_2011', 'Parc Car Far East FD 2011', 2),
(83, 'reg_truck_2012_14_m', 'Reg Truck 2012 1-4 Month', 1),
(84, 'reg_truck_2012_15_m', 'Reg Truck 2012 1-5 Month', 1),
(85, 'import_2012_03', 'Import 2012.03.03', 5),
(86, 'reg_truck_2012_16m', 'Reg Truck 2012 1-6 Month', 1),
(87, 'reg_bus_2012_12q', 'Reg Bus 2012 1-6 Month', 1),
(88, 'reg_lcv_2012_12q', 'Reg LCV 2012 1-2 Q', 1),
(89, 'reg_car_2012_12q', 'Reg Car 2012 1-2 Q', 1),
(90, 'nissan', 'Nissan Test', 6),
(91, 'reg_truck_2012_17m', 'Reg Truck 2012 1-7 Month', 1),
(92, 'reg_lcv_2012_17m', 'Reg LCV 2012 1-7 Month', 1),
(93, 'reg_car_2012_17m', 'Reg Car 2012 1-7 Month', 1),
(94, 'reg_truck_2012_18m', 'Reg Truck 2012 1-8 Month', 1),
(95, 'reg_car_2012_18m', 'Reg Car 2012 1-8 Month', 1),
(96, 'reg_lcv_2012_18m', 'Reg LCV 2012 1-8 Month', 1),
(97, 'customer_1', 'Autocomponent', 6);
SET IDENTITY_INSERT dbo.data_bases OFF


-- --------------------------------------------------------

--
-- Структура таблицы restrict
--
IF EXISTS (SELECT NULL FROM sys.tables WHERE name = 'restrict')
DROP TABLE dbo.[restrict]

CREATE TABLE dbo.[restrict] (
  id int IDENTITY(1,1) NOT NULL,
  field_name varchar(50) NOT NULL,
  client_caption varchar(50) NOT NULL,
  child_id int NOT NULL DEFAULT -1, -- Depends on another field (id in the same table). Example: Model depends on Brand.',
  PRIMARY KEY (id)  
)

SET IDENTITY_INSERT dbo.[restrict] ON
INSERT INTO dbo.[restrict] (id, field_name, client_caption, child_id) VALUES
(1, 'A_OKRUG', 'Federal District', 2),
(2, 'A_REGION', 'Region', 3),
(3, 'GOROD', 'City and region', 4),
(4, 'RAION', 'District in Region', -1),
(5, 'SOCR', 'Shortening', -1),
(6, 'A_GOD_VIP', 'Year of Manufacture', -1),
(7, 'A_GOD_REG', 'Year of Registration', 8),
(8, 'A_MEC_REG', 'Month of Registration', -1),
(9, 'A_NEW_USED', 'New or used', -1),
(10, 'A_NAME_REG', 'Type of registration (detail)', -1),
(11, 'CITY_REG', 'City or Region', -1),
(12, 'A_NAME_VL', 'Type of Owner', -1),
(13, 'A_KUZOV', 'Type of Body', -1),
(14, 'A_PART_W', 'Part of the World', -1),
(15, 'EMISSION', 'Emission', -1),
(16, 'POWER', 'Power', -1),
(18, 'ZAVOD_IZG', 'Factory', -1),
(19, 'MODEL_YEAR', 'Model year', -1),
(20, 'SERIES', 'Series', -1),
(21, 'TRANSM', 'Transmission', -1),
(22, 'DESIGNAT', 'Designat', -1),
(23, 'A_CLASS', 'Class', -1),
(24, 'A_COUNTRY', 'Country of Brand', -1),
(25, 'COUNTRY', 'Country', -1),
(26, 'A_ORIGIN', 'Origin', -1),
(28, 'A_V_DIAP', 'Engine Volume', -1),
(29, 'A_NAME_RUL', 'Type of Wheel', -1),
(30, 'A_BRAND', 'Brand', 31),
(31, 'A_MODEL', 'Model', -1),
(32, 'AXLE', 'Axle configuration', -1),
(33, 'A_MASS_SEG', 'Mass in segment', -1),
(34, 'RAION_GR', 'City or Region', -1),
(35, 'NEW_USED2', 'New used 2', -1),
(36, 'TIP', 'Tip', -1),
(37, 'COMPANY', 'Company name', -1);
SET IDENTITY_INSERT dbo.[restrict] OFF
-- --------------------------------------------------------

--
-- Структура таблицы user
--
IF EXISTS (SELECT NULL FROM sys.tables WHERE name = 'user')
DROP TABLE dbo.[user]

CREATE TABLE dbo.[user] (
  id int IDENTITY(1,1) NOT NULL,
  [login] varchar(100) NOT NULL CONSTRAINT un_login UNIQUE,
  pwd_hash varchar(32) NOT NULL, --32 bytes for md5 hash sum
  name varchar(100) NOT NULL, --Any user describe name
  reg_date date NOT NULL,
  rights int NOT NULL DEFAULT 0, --Administrator user
  max_install int NOT NULL,
  cur_install int NOT NULL DEFAULT 0,
  lang varchar(16) NOT NULL DEFAULT 'en_us',
  PRIMARY KEY (id)  
)

SET IDENTITY_INSERT dbo.[user] ON
INSERT INTO dbo.[user] (id, [login], pwd_hash, name, reg_date, rights, max_install, cur_install, lang) VALUES
(2, 'Art_dance', 'dYxThFnH', 'Alexander L. Kozlov', '2010-12-28', 1, 1000, 14, 'en_us'),
(3, 'Nissan', 'komiclut', 'Niss3c346', '2010-12-28', 0, 12, 7, 'en_us'),
(4, 'Sojitz', 'wrikuwru', 'Soj3d156', '2011-01-05', 0, 3, 0, 'en_us'),
(5, 'Volvo_trucks', 'Volvo_3_skcVurt', 'Vol2b365', '2011-01-05', 0, 4, 1, 'en_us'),
(6, 'Ito3k615', 'sliwrino', 'Ito3k615', '2011-01-05', 0, 3, 3, 'en_us'),
(7, 'MicmJ3p624', 'cliwrube', 'MicmJ3p624', '2011-01-05', 0, 2, 0, 'en_us'),
(8, 'Rent3f546', 'huhifrab', 'Rent3f546', '2011-01-05', 0, 2, 1, 'en_us'),
(9, 'Pil3h436', 'tociswit', 'Pil3h436', '2011-01-10', 0, 2, 1, 'en_us'),
(10, 'Rol3i634', 'drivotru', 'Rol3i634', '2011-01-10', 0, 3, 1, 'en_us'),
(11, 'Hin2j856', 'supijoch', 'Hin2j856', '2011-01-10', 0, 4, 0, 'en_us'),
(12, 'Tag5m341', 'fralipob', 'Tag5m341', '2011-01-10', 0, 3, 2, 'en_us'),
(13, 'MAN', 'migenocl', 'Man3o215', '2011-01-10', 0, 10, 6, 'en_us'),
(14, 'Ural3n436', 'trecroji', 'Ural3n436', '2011-01-10', 0, 6, 3, 'en_us'),
(15, 'Micb4q541', 'nohatruc', 'Micb4q541', '2011-01-10', 0, 3, 0, 'en_us'),
(16, 'Ery4r534', 'spikufru', 'Ery4r534', '2011-01-10', 0, 1, 0, 'en_us'),
(18, 'Trucks_Hino', '7g3OQdR9', 'UER', '2011-01-12', 0, 5, 0, 'en_us'),
(19, 'TrHinJap', 'Lk7q3P8q', 'Jap', '2011-01-12', 0, 3, 0, 'en_us'),
(20, 'Kauk_Musa', '58tzex8F', 'Irine', '2011-02-08', 0, 2, 0, 'en_us'),
(21, 'Ingos', 'hKEeOPDQ', 'Nadezhda', '2011-02-16', 0, 2, 0, 'en_us'),
(22, 'Scania_Moscow', 'ME6e8NRQ', 'ScanOM', '2011-03-03', 0, 1, 0, 'en_us'),
(23, 'alexey', 'CCcFePcg', 'Alexey V. Klishin', '2011-03-08', 1, 10, 4, 'en_us'),
(24, 'Itochu', 'CKejzOPO', '', '2011-03-18', 0, 3, 2, 'en_us'),
(25, 'Renault_car', 'y4AL2XT9', '', '2011-03-21', 0, 2, 0, 'en_us'),
(26, 'Michelin', 'FMQNjXQB', '', '2011-03-21', 0, 2, 2, 'en_us'),
(27, 'KAMAZ', 'YnRTwE6f', 'Ashot', '2011-03-21', 0, 4, 2, 'en_us'),
(28, 'Renault_TR', 'xD3RpaCY', 'Vincent', '2011-03-21', 0, 1, 1, 'en_us'),
(29, 'ZF_friedrich', 'Q5KrgmnB', 'Olga', '2011-03-21', 0, 2, 0, 'en_us'),
(30, 'RusbisAuto', 'PwxNCex6', 'Maria', '2011-03-24', 0, 3, 3, 'en_us'),
(31, 'Renault Trucks', '2fzWpGAb', 'Anna', '2011-04-06', 0, 3, 2, 'en_us'),
(32, 'KeY_car', 'gembOW7S', 'SrgeY', '2011-04-06', 0, 3, 3, 'en_us'),
(33, 'VolvoTrucks', 'b9LSOnA8', '', '2011-04-07', 0, 3, 3, 'en_us'),
(34, 'Stand', 'mT42Pb9O', 'Alex', '2011-04-14', 0, 1, 1, 'en_us'),
(35, 'Bosch', 'z4OYH5Q5', 'Ekaterina', '2011-04-15', 0, 4, 3, 'en_us'),
(36, 'Interplast', 'knnHPeCP', '', '2011-05-06', 0, 2, 1, 'en_us'),
(37, 'RusAuto', '796OFTxR', '', '2011-05-10', 0, 3, 2, 'en_us'),
(38, 'TrackCenter', 'nhHEY6nW', 'Truck', '2011-05-13', 0, 1, 1, 'en_us'),
(39, 'BostonCons', 'NfqMC5D8', 'Svetlana', '2011-05-19', 0, 2, 2, 'en_us'),
(40, 'GAZ', 'bGK6xB41', 'Anastasia', '2011-06-01', 0, 4, 4, 'en_us'),
(41, 'Avdeev', 'eldamar123', 'Alexei', '2011-06-07', 1, 10, 4, 'en_us'),
(42, 'CarCade', 'Lc7fwZ2e', 'Julia', '2011-06-17', 0, 0, 0, 'en_us'),
(43, 'IHRFebi', 'TzsLPO7q', 'Natalia', '2011-06-22', 0, 3, 2, 'en_us'),
(44, 'SberLeasing', 'yqhEqzrm', '', '2011-07-06', 0, 1, 0, 'en_us'),
(45, '2wglobal', 'ha2sGZE1', 'Anna', '2011-07-08', 0, 2, 1, 'en_us'),
(46, 'PwC', 'AKFf16Ky', '', '2011-08-22', 0, 1, 0, 'en_us'),
(47, 'TRW', 'w14APCsj', '', '2011-08-23', 0, 1, 0, 'en_us'),
(48, 'RTDS', 'PPDO4DQf', '', '2011-08-23', 0, 4, 2, 'en_us'),
(49, 'InterPartner', 'zsR1KqsB', '', '2011-09-19', 0, 2, 0, 'en_us'),
(50, 'ZIL', '1jeKqWzx', '', '2011-09-26', 0, 4, 4, 'en_us'),
(51, 'BusinessCon', 'WzWgqEBC', '', '2011-09-26', 0, 1, 0, 'en_us'),
(52, 'Kogel', 'Q4XDD8KS', '', '2011-09-26', 0, 1, 0, 'en_us'),
(53, 'Schmitz', 'ppFEYj9D', '', '2011-09-26', 0, 1, 0, 'en_us'),
(54, 'DAF', 'Q92tnBLK', '', '2011-09-26', 0, 2, 1, 'en_us'),
(55, 'Yutong', 'PBsQsd93', '', '2011-09-26', 0, 3, 3, 'en_us'),
(56, 'Scania', 'M2DSK4t9', '', '2011-09-26', 0, 1, 0, 'en_us'),
(57, 'HINO', 'EtHL8zgg', '', '2011-09-29', 0, 3, 2, 'en_us'),
(58, 'DMST', 'hB6H97NT', '', '2011-10-05', 0, 2, 2, 'en_us'),
(59, 'LOHR', 'KFOEhd6M', '', '2011-10-06', 0, 1, 0, 'en_us'),
(60, 'Ezet', 'nRtNeqMY', '', '2011-10-07', 0, 3, 1, 'en_us'),
(61, 'tuani', 'blossom', 'Tatyana', '2011-10-20', 0, 10, 4, 'en_us'),
(63, 'AAAAUTO', 'RRLanEpB', '', '2011-11-03', 0, 2, 1, 'en_us'),
(64, 'Mercedes-Benz', '5xFfSRrH', '', '2011-11-14', 0, 2, 0, 'en_us'),
(65, 'Renaissance', 'pRc13gCF', '', '2011-11-14', 0, 2, 0, 'en_us'),
(66, 'SolarisBus', 'MerXAMrq', '', '2011-11-21', 0, 2, 2, 'en_us'),
(67, 'Avignon', 'bkTpY3nL', '', '2011-12-16', 0, 2, 0, 'en_us'),
(68, 'OVOD', 'nEezee2B', '', '2011-12-19', 0, 2, 0, 'en_us'),
(69, 'AVTOMIR', 'EpMt9pGg', '', '2011-12-19', 0, 2, 1, 'en_us'),
(70, 'AVANTIME', 'cf28wQzy', '', '2011-12-19', 0, 2, 0, 'en_us'),
(71, 'RenaMax', 'Zq57bBD5', '', '2011-12-19', 0, 2, 1, 'en_us'),
(72, 'Petrovskyi', '4WN6czEj', '', '2011-12-19', 0, 2, 0, 'en_us'),
(73, 'AZR ', 'Rfm3AYfH', '', '2011-12-19', 0, 2, 1, 'en_us'),
(74, 'SIM', 'pghMxSNj', '', '2011-12-19', 0, 2, 2, 'en_us'),
(75, 'IRITO', 'CB1TgsFE', 'Alexander', '2012-01-23', 0, 4, 1, 'en_us'),
(76, 'IVANKRAN', 'twCFQLOR', '', '2012-02-07', 0, 2, 1, 'en_us'),
(77, 'AGAT', 'SDAXyt1g', '', '2012-02-27', 0, 2, 1, 'en_us'),
(78, 'SafTat', '5FeOQOCG', '', '2012-02-28', 0, 1, 1, 'en_us'),
(79, 'BMW', '3Lm2WPFq', '', '2012-03-05', 0, 4, 1, 'en_us'),
(80, 'Hyundai Truck', '5Ha1qBYW', '', '2012-03-07', 0, 2, 2, 'en_us'),
(81, 'RusIntech', '39aejw8c', '', '2012-03-11', 0, 1, 1, 'en_us'),
(82, 'Metcom', 'a6ntRPqb', '', '2012-03-16', 0, 2, 0, 'en_us'),
(83, 'FUSO', 'GpEWSenM', '', '2012-03-26', 0, 5, 0, 'en_us'),
(84, 'Sovintel', 'scP817Sk', '', '2012-03-27', 0, 3, 1, 'en_us'),
(85, 'Selivanova', '4TpY1ZkG', '', '2012-06-29', 0, 1, 0, 'en_us'),
(86, 'Klimenko', 'esBXeP3m', '', '2012-06-29', 0, 1, 0, 'en_us'),
(87, 'Posadskova', 'NynrAsSd', '', '2012-06-29', 0, 1, 0, 'en_us'),
(88, 'Avseneva', 'g9ebCtNE', '', '2012-06-29', 0, 1, 0, 'en_us'),
(89, 'Somova', 'HrcS5XGF', '', '2012-06-29', 0, 1, 0, 'en_us'),
(90, 'Ogoltseva', 'ScWDgBry', '', '2012-06-29', 0, 1, 0, 'en_us'),
(91, 'Apushkina', 'fgcXLyg2', '', '2012-06-29', 0, 1, 0, 'en_us'),
(92, 'Maximov', 'nDCtknA3', '', '2012-06-29', 0, 1, 0, 'en_us'),
(93, 'Ponin', 'qO2LDmds', '', '2012-06-29', 0, 1, 0, 'en_us'),
(94, 'Tashina', 'EXf1jN5L', '', '2012-06-29', 0, 1, 0, 'en_us'),
(95, 'Morozov', 'KQBM5MLS', '', '2012-06-29', 0, 1, 0, 'en_us'),
(96, 'Mikheeva ', 'jDHmZeOB', '', '2012-07-02', 0, 1, 0, 'en_us'),
(97, 'Ericheva', '3nRFY2gH', '', '2012-07-04', 0, 1, 0, 'en_us'),
(98, 'VOLKOV', 'EG98L5Tw', '', '2012-07-05', 0, 1, 0, 'en_us'),
(99, 'SHVED', 'AzwRg8KK', '', '2012-07-05', 0, 1, 0, 'en_us'),
(100, 'Gabrikova', 'WjgtNjNy', '', '2012-07-10', 0, 1, 0, 'en_us'),
(101, 'Burenkova', '13FyWQE3', '', '2012-07-11', 0, 1, 0, 'en_us'),
(102, 'Ravluk', '8yAFAWeN', '', '2012-07-11', 0, 1, 0, 'en_us'),
(104, 'Mazov', '75HEm8E2', '', '2012-07-18', 0, 1, 0, 'en_us'),
(105, 'Liman', 'DeBg6kdm', '', '2012-07-20', 0, 1, 0, 'en_us'),
(106, 'ManTruck', '87tA1PHp', '', '2012-08-28', 0, 1, 0, 'en_us'),
(108, 'BeorG', 'B7cQQdg6', '', '2012-09-06', 0, 1, 0, 'en_us'),
(109, 'Khozyaeva', 'kp6pQ9yp', '', '2012-09-10', 0, 1, 0, 'en_us'),
(110, 'Axel', 'rMqdCtxb', '', '2012-09-10', 0, 1, 0, 'en_us'),
(111, 'Kudelenko', 'StR9jKK7', '', '2012-09-10', 0, 1, 0, 'en_us'),
(112, 'Hoenen', 'bwZF76mW', '', '2012-09-10', 0, 1, 0, 'en_us'),
(113, 'Yankovskiy', 'Xtk1FEGQ', '', '2012-09-10', 0, 1, 0, 'en_us'),
(115, 'Sollers', 'Ljx5d1tM', '', '2012-09-12', 0, 1, 0, 'en_us'),
(116, 'ISUZU', '6HamZ3SZ', '', '2012-09-13', 0, 1, 0, 'en_us');
SET IDENTITY_INSERT dbo.[user] OFF


-- --------------------------------------------------------

--
-- Структура таблицы individual_info
--
IF EXISTS (SELECT NULL FROM sys.tables WHERE name = 'individual_info')
DROP TABLE dbo.individual_info

CREATE TABLE dbo.individual_info (
  value varchar(1000) NOT NULL,
  user_id int NOT NULL CONSTRAINT fk_individual_info_user1 FOREIGN KEY REFERENCES dbo.[user] (id)
)

-- --------------------------------------------------------

--
-- Структура таблицы user_has_data_bases
--
IF EXISTS (SELECT NULL FROM sys.tables WHERE name = 'user_has_data_bases')
DROP TABLE dbo.[user_has_data_bases]

CREATE TABLE dbo.user_has_data_bases (
  user_id int NOT NULL CONSTRAINT fk_user_has_data_bases_user1 FOREIGN KEY REFERENCES dbo.[user] (id),
  data_bases_id int NOT NULL CONSTRAINT fk_user_has_data_bases_data_bases1 FOREIGN KEY REFERENCES dbo.data_bases(id),
  PRIMARY KEY (user_id, data_bases_id),  
);
INSERT INTO dbo.user_has_data_bases (user_id, data_bases_id) VALUES
(2, 7),
(13, 7),
(23, 7),
(27, 7),
(31, 7),
(33, 7),
(35, 7),
(37, 7),
(38, 7),
(39, 7),
(41, 7),
(44, 7),
(50, 7),
(57, 7),
(61, 7),
(78, 7),
(96, 7),
(2, 8),
(3, 8),
(10, 8),
(14, 8),
(23, 8),
(35, 8),
(36, 8),
(39, 8),
(41, 8),
(44, 8),
(48, 8),
(58, 8),
(61, 8),
(78, 8),
(85, 8),
(86, 8),
(87, 8),
(88, 8),
(89, 8),
(90, 8),
(91, 8),
(92, 8),
(93, 8),
(94, 8),
(95, 8),
(102, 8),
(2, 11),
(13, 11),
(26, 11),
(30, 11),
(34, 11),
(37, 11),
(41, 11),
(43, 11),
(61, 11),
(66, 11),
(78, 11),
(85, 11),
(2, 12),
(13, 12),
(39, 12),
(41, 12),
(44, 12),
(61, 12),
(78, 12),
(85, 12),
(86, 12),
(87, 12),
(88, 12),
(89, 12),
(90, 12),
(91, 12),
(92, 12),
(93, 12),
(94, 12),
(95, 12),
(105, 12),
(2, 13),
(3, 13),
(10, 13),
(13, 13),
(14, 13),
(24, 13),
(37, 13),
(41, 13),
(57, 13),
(61, 13),
(78, 13),
(102, 13),
(2, 14),
(3, 14),
(13, 14),
(14, 14),
(24, 14),
(37, 14),
(41, 14),
(51, 14),
(57, 14),
(61, 14),
(78, 14),
(2, 15),
(3, 15),
(13, 15),
(14, 15),
(24, 15),
(35, 15),
(37, 15),
(41, 15),
(50, 15),
(57, 15),
(61, 15),
(78, 15),
(2, 24),
(7, 24),
(8, 24),
(13, 24),
(24, 24),
(26, 24),
(30, 24),
(31, 24),
(32, 24),
(33, 24),
(37, 24),
(38, 24),
(41, 24),
(43, 24),
(57, 24),
(60, 24),
(61, 24),
(78, 24),
(85, 24),
(96, 24),
(100, 24),
(105, 24),
(2, 25),
(3, 25),
(10, 25),
(14, 25),
(41, 25),
(60, 25),
(61, 25),
(78, 25),
(85, 25),
(86, 25),
(87, 25),
(88, 25),
(89, 25),
(90, 25),
(91, 25),
(92, 25),
(93, 25),
(94, 25),
(95, 25),
(102, 25),
(105, 25),
(2, 26),
(3, 26),
(10, 26),
(14, 26),
(41, 26),
(43, 26),
(60, 26),
(61, 26),
(65, 26),
(78, 26),
(85, 26),
(86, 26),
(87, 26),
(88, 26),
(89, 26),
(90, 26),
(91, 26),
(92, 26),
(93, 26),
(94, 26),
(95, 26),
(102, 26),
(105, 26),
(2, 27),
(3, 27),
(13, 27),
(14, 27),
(24, 27),
(37, 27),
(41, 27),
(57, 27),
(61, 27),
(78, 27),
(2, 28),
(3, 28),
(10, 28),
(14, 28),
(32, 28),
(41, 28),
(43, 28),
(60, 28),
(61, 28),
(78, 28),
(85, 28),
(86, 28),
(87, 28),
(88, 28),
(89, 28),
(90, 28),
(91, 28),
(92, 28),
(93, 28),
(94, 28),
(95, 28),
(102, 28),
(105, 28),
(2, 29),
(3, 29),
(10, 29),
(14, 29),
(36, 29),
(41, 29),
(43, 29),
(45, 29),
(60, 29),
(61, 29),
(78, 29),
(85, 29),
(86, 29),
(87, 29),
(88, 29),
(89, 29),
(90, 29),
(91, 29),
(92, 29),
(93, 29),
(94, 29),
(95, 29),
(102, 29),
(105, 29),
(2, 30),
(3, 30),
(10, 30),
(14, 30),
(32, 30),
(41, 30),
(43, 30),
(60, 30),
(61, 30),
(78, 30),
(85, 30),
(86, 30),
(87, 30),
(88, 30),
(89, 30),
(90, 30),
(91, 30),
(92, 30),
(93, 30),
(94, 30),
(95, 30),
(102, 30),
(105, 30),
(2, 31),
(3, 31),
(13, 31),
(14, 31),
(24, 31),
(37, 31),
(41, 31),
(57, 31),
(61, 31),
(78, 31),
(2, 32),
(14, 32),
(37, 32),
(41, 32),
(61, 32),
(78, 32),
(2, 34),
(10, 34),
(41, 34),
(58, 34),
(61, 34),
(78, 34),
(2, 35),
(3, 35),
(13, 35),
(14, 35),
(24, 35),
(37, 35),
(41, 35),
(57, 35),
(61, 35),
(78, 35),
(2, 36),
(3, 36),
(10, 36),
(14, 36),
(36, 36),
(41, 36),
(43, 36),
(60, 36),
(61, 36),
(78, 36),
(85, 36),
(86, 36),
(88, 36),
(89, 36),
(90, 36),
(91, 36),
(92, 36),
(93, 36),
(94, 36),
(95, 36),
(102, 36),
(105, 36),
(2, 37),
(3, 37),
(10, 37),
(14, 37),
(41, 37),
(43, 37),
(60, 37),
(61, 37),
(78, 37),
(85, 37),
(86, 37),
(87, 37),
(88, 37),
(89, 37),
(90, 37),
(91, 37),
(92, 37),
(93, 37),
(94, 37),
(95, 37),
(102, 37),
(105, 37),
(2, 38),
(3, 38),
(10, 38),
(14, 38),
(41, 38),
(43, 38),
(60, 38),
(61, 38),
(78, 38),
(85, 38),
(86, 38),
(87, 38),
(88, 38),
(89, 38),
(90, 38),
(91, 38),
(92, 38),
(93, 38),
(94, 38),
(95, 38),
(102, 38),
(105, 38),
(2, 39),
(3, 39),
(14, 39),
(26, 39),
(41, 39),
(61, 39),
(78, 39),
(85, 39),
(86, 39),
(87, 39),
(88, 39),
(89, 39),
(90, 39),
(91, 39),
(92, 39),
(93, 39),
(94, 39),
(95, 39),
(102, 39),
(105, 39),
(2, 53),
(13, 53),
(31, 53),
(33, 53),
(37, 53),
(41, 53),
(57, 53),
(61, 53),
(78, 53),
(2, 58),
(13, 58),
(27, 58),
(30, 58),
(31, 58),
(33, 58),
(41, 58),
(57, 58),
(61, 58),
(77, 58),
(78, 58),
(80, 58),
(81, 58),
(83, 58),
(84, 58),
(96, 58),
(97, 58),
(98, 58),
(99, 58),
(100, 58),
(101, 58),
(106, 58),
(2, 59),
(3, 59),
(41, 59),
(48, 59),
(49, 59),
(50, 59),
(61, 59),
(74, 59),
(77, 59),
(78, 59),
(79, 59),
(82, 59),
(85, 59),
(86, 59),
(87, 59),
(88, 59),
(89, 59),
(90, 59),
(91, 59),
(92, 59),
(93, 59),
(95, 59),
(102, 59),
(2, 60),
(3, 60),
(30, 60),
(31, 60),
(41, 60),
(50, 60),
(61, 60),
(77, 60),
(78, 60),
(84, 60),
(85, 60),
(86, 60),
(87, 60),
(88, 60),
(89, 60),
(90, 60),
(91, 60),
(92, 60),
(93, 60),
(94, 60),
(95, 60),
(98, 60),
(99, 60),
(100, 60),
(101, 60),
(102, 60),
(105, 60),
(2, 61),
(14, 61),
(41, 61),
(61, 61),
(78, 61),
(85, 61),
(2, 62),
(13, 62),
(30, 62),
(41, 62),
(50, 62),
(61, 62),
(77, 62),
(78, 62),
(84, 62),
(98, 62),
(99, 62),
(101, 62),
(106, 62),
(2, 63),
(30, 63),
(31, 63),
(33, 63),
(41, 63),
(61, 63),
(78, 63),
(2, 64),
(31, 64),
(33, 64),
(41, 64),
(61, 64),
(78, 64),
(96, 64),
(100, 64),
(109, 64),
(110, 64),
(111, 64),
(112, 64),
(113, 64),
(2, 65),
(41, 65),
(61, 65),
(78, 65),
(2, 66),
(41, 66),
(61, 66),
(78, 66),
(85, 66),
(86, 66),
(87, 66),
(88, 66),
(89, 66),
(90, 66),
(91, 66),
(92, 66),
(93, 66),
(94, 66),
(95, 66),
(102, 66),
(105, 66),
(2, 67),
(41, 67),
(61, 67),
(78, 67),
(85, 67),
(86, 67),
(87, 67),
(88, 67),
(89, 67),
(90, 67),
(91, 67),
(92, 67),
(93, 67),
(94, 67),
(95, 67),
(100, 67),
(102, 67),
(105, 67),
(109, 67),
(110, 67),
(111, 67),
(112, 67),
(113, 67),
(2, 68),
(41, 68),
(61, 68),
(78, 68),
(105, 68),
(2, 70),
(41, 70),
(61, 70),
(78, 70),
(85, 70),
(86, 70),
(87, 70),
(88, 70),
(89, 70),
(90, 70),
(91, 70),
(92, 70),
(93, 70),
(94, 70),
(95, 70),
(105, 70),
(2, 71),
(41, 71),
(61, 71),
(78, 71),
(85, 71),
(86, 71),
(87, 71),
(88, 71),
(89, 71),
(90, 71),
(91, 71),
(92, 71),
(93, 71),
(94, 71),
(95, 71),
(105, 71),
(2, 73),
(41, 73),
(61, 73),
(78, 73),
(105, 73),
(2, 74),
(41, 74),
(61, 74),
(78, 74),
(85, 74),
(86, 74),
(87, 74),
(88, 74),
(89, 74),
(90, 74),
(91, 74),
(92, 74),
(93, 74),
(94, 74),
(95, 74),
(105, 74),
(2, 75),
(41, 75),
(61, 75),
(78, 75),
(85, 75),
(86, 75),
(87, 75),
(88, 75),
(89, 75),
(90, 75),
(91, 75),
(92, 75),
(93, 75),
(94, 75),
(95, 75),
(105, 75),
(2, 76),
(41, 76),
(61, 76),
(78, 76),
(2, 77),
(41, 77),
(61, 77),
(78, 77),
(85, 77),
(86, 77),
(87, 77),
(88, 77),
(89, 77),
(90, 77),
(91, 77),
(92, 77),
(93, 77),
(94, 77),
(95, 77),
(105, 77),
(2, 78),
(41, 78),
(61, 78),
(78, 78),
(2, 79),
(41, 79),
(61, 79),
(78, 79),
(85, 79),
(86, 79),
(87, 79),
(88, 79),
(89, 79),
(90, 79),
(91, 79),
(92, 79),
(93, 79),
(94, 79),
(95, 79),
(102, 79),
(105, 79),
(2, 80),
(41, 80),
(61, 80),
(78, 80),
(85, 80),
(86, 80),
(87, 80),
(88, 80),
(89, 80),
(90, 80),
(91, 80),
(92, 80),
(93, 80),
(94, 80),
(95, 80),
(104, 80),
(105, 80),
(2, 81),
(41, 81),
(61, 81),
(78, 81),
(85, 81),
(86, 81),
(87, 81),
(88, 81),
(89, 81),
(90, 81),
(91, 81),
(92, 81),
(93, 81),
(94, 81),
(95, 81),
(98, 81),
(99, 81),
(100, 81),
(105, 81),
(2, 82),
(41, 82),
(61, 82),
(78, 82),
(85, 82),
(86, 82),
(87, 82),
(88, 82),
(89, 82),
(90, 82),
(91, 82),
(92, 82),
(93, 82),
(94, 82),
(95, 82),
(105, 82),
(2, 83),
(41, 83),
(61, 83),
(78, 83),
(2, 84),
(41, 84),
(61, 84),
(78, 84),
(2, 85),
(41, 85),
(61, 85),
(78, 85),
(106, 85),
(2, 86),
(41, 86),
(61, 86),
(78, 86),
(96, 86),
(97, 86),
(98, 86),
(99, 86),
(100, 86),
(101, 86),
(106, 86),
(2, 87),
(41, 87),
(61, 87),
(78, 87),
(98, 87),
(99, 87),
(101, 87),
(106, 87),
(2, 88),
(3, 88),
(41, 88),
(61, 88),
(78, 88),
(85, 88),
(86, 88),
(87, 88),
(88, 88),
(89, 88),
(90, 88),
(91, 88),
(92, 88),
(93, 88),
(94, 88),
(95, 88),
(109, 88),
(110, 88),
(111, 88),
(112, 88),
(113, 88),
(2, 89),
(3, 89),
(41, 89),
(61, 89),
(78, 89),
(85, 89),
(86, 89),
(87, 89),
(88, 89),
(89, 89),
(90, 89),
(91, 89),
(92, 89),
(93, 89),
(94, 89),
(95, 89),
(2, 90),
(41, 90),
(61, 90),
(78, 90),
(85, 90),
(88, 90),
(108, 90),
(2, 91),
(41, 91),
(61, 91),
(78, 91),
(109, 91),
(110, 91),
(111, 91),
(112, 91),
(113, 91),
(115, 91),
(116, 91),
(2, 92),
(41, 92),
(61, 92),
(78, 92),
(2, 93),
(41, 93),
(61, 93),
(78, 93),
(2, 94),
(41, 94),
(61, 94),
(78, 94),
(102, 94),
(109, 94),
(110, 94),
(111, 94),
(112, 94),
(113, 94),
(115, 94),
(116, 94),
(2, 95),
(41, 95),
(61, 95),
(78, 95),
(85, 95),
(86, 95),
(87, 95),
(88, 95),
(89, 95),
(90, 95),
(91, 95),
(92, 95),
(93, 95),
(94, 95),
(95, 95),
(102, 95),
(2, 96),
(41, 96),
(61, 96),
(78, 96),
(85, 96),
(86, 96),
(87, 96),
(88, 96),
(89, 96),
(90, 96),
(91, 96),
(92, 96),
(93, 96),
(94, 96),
(95, 96),
(2, 97),
(41, 97),
(78, 97);
-- --------------------------------------------------------

--
-- Структура таблицы user_has_restrict
--

IF EXISTS (SELECT NULL FROM sys.tables WHERE name = 'user_has_restrict')
DROP TABLE dbo.user_has_restrict

CREATE TABLE dbo.user_has_restrict (
  id int IDENTITY(1,1) NOT NULL CONSTRAINT pk_user_has_restrict PRIMARY KEY NONCLUSTERED,
  user_id int NOT NULL CONSTRAINT fk_user_has_restrict_user1 FOREIGN KEY REFERENCES dbo.[user] (id),
  restrict_id int NOT NULL CONSTRAINT fk_user_has_restrict_restrict1 FOREIGN KEY REFERENCES dbo.[restrict] (id) ,
  value int NOT NULL, --Value of restrict
  data_bases_id int NOT NULL CONSTRAINT fk_user_has_restrict_data_bases1 FOREIGN KEY REFERENCES dbo.data_bases(id),
  lft int NOT NULL,
  rgt int NOT NULL  
)

SET IDENTITY_INSERT dbo.user_has_restrict ON
INSERT INTO dbo.user_has_restrict (id, user_id, restrict_id, value, data_bases_id, lft, rgt) VALUES
(897, 24, 36, 4, 14, 1, 2),
(898, 24, 36, 2, 14, 3, 4),
(899, 24, 36, 3, 15, 1, 2),
(900, 24, 36, 2, 15, 3, 4),
(904, 24, 36, 4, 27, 1, 2),
(905, 24, 36, 2, 27, 3, 4),
(910, 35, 7, 2, 7, 1, 8),
(911, 35, 8, 3, 7, 2, 3),
(912, 35, 8, 2, 7, 4, 5),
(913, 35, 8, 4, 7, 6, 7),
(914, 35, 7, 2, 8, 1, 8),
(915, 35, 8, 5, 8, 2, 3),
(916, 35, 8, 6, 8, 4, 5),
(917, 35, 8, 7, 8, 6, 7),
(918, 35, 1, 2, 15, 1, 6),
(919, 35, 2, 3, 15, 2, 3),
(920, 35, 2, 5, 15, 4, 5),
(921, 24, 36, 4, 31, 1, 2),
(922, 24, 36, 2, 31, 3, 4),
(930, 32, 1, 7, 24, 1, 8),
(931, 32, 2, 59, 24, 2, 3),
(932, 32, 2, 61, 24, 4, 5),
(933, 32, 2, 35, 24, 6, 7),
(934, 32, 1, 2, 28, 1, 4),
(935, 32, 2, 2, 28, 2, 3),
(936, 32, 1, 2, 30, 1, 6),
(937, 32, 2, 6, 30, 2, 3),
(938, 32, 2, 2, 30, 4, 5),
(946, 36, 1, 2, 29, 1, 4),
(947, 36, 2, 11, 29, 2, 3),
(948, 36, 1, 2, 36, 1, 4),
(949, 36, 2, 15, 36, 2, 3),
(950, 24, 36, 4, 35, 1, 2),
(951, 24, 36, 2, 35, 3, 4),
(952, 38, 1, 6, 7, 1, 8),
(953, 38, 33, 3, 7, 9, 10),
(954, 38, 33, 9, 7, 11, 12),
(955, 38, 33, 5, 7, 13, 14),
(956, 38, 33, 6, 7, 15, 16),
(957, 38, 33, 7, 7, 17, 18),
(958, 38, 33, 2, 7, 19, 20),
(959, 38, 33, 8, 7, 21, 22),
(960, 38, 33, 4, 7, 23, 24),
(962, 38, 1, 6, 24, 1, 4),
(963, 38, 33, 4, 24, 5, 6),
(964, 38, 33, 8, 24, 7, 8),
(965, 38, 33, 7, 24, 9, 10),
(966, 38, 33, 10, 24, 11, 12),
(967, 38, 33, 12, 24, 13, 14),
(968, 38, 33, 2, 24, 15, 16),
(969, 38, 33, 5, 24, 17, 18),
(970, 38, 33, 3, 24, 19, 20),
(971, 38, 2, 57, 24, 2, 3),
(972, 38, 2, 64, 7, 2, 3),
(973, 38, 2, 53, 7, 4, 5),
(974, 38, 2, 18, 7, 6, 7),
(983, 39, 13, 7, 8, 1, 2),
(984, 39, 13, 12, 8, 3, 4),
(985, 39, 13, 6, 8, 5, 6),
(986, 39, 13, 5, 8, 7, 8),
(987, 39, 13, 14, 8, 9, 10),
(988, 39, 23, 4, 12, 1, 2),
(992, 40, 1, 4, 8, 1, 2),
(993, 40, 1, 7, 12, 1, 2),
(995, 40, 1, 2, 15, 1, 2),
(996, 29, 1, 2, 7, 1, 2),
(997, 29, 1, 3, 7, 3, 4),
(998, 29, 6, 13, 7, 5, 6),
(999, 29, 6, 4, 7, 7, 8),
(1000, 29, 9, 3, 7, 9, 10),
(1004, 42, 1, 2, 15, 1, 6),
(1005, 42, 2, 2, 15, 2, 3),
(1006, 42, 2, 6, 15, 4, 5),
(1018, 43, 1, 4, 8, 1, 8),
(1022, 42, 1, 4, 8, 1, 6),
(1023, 42, 1, 3, 8, 7, 10),
(1024, 42, 1, 7, 8, 11, 14),
(1025, 42, 2, 22, 8, 8, 9),
(1028, 42, 2, 56, 8, 12, 13),
(1033, 42, 2, 26, 8, 2, 3),
(1034, 42, 2, 25, 8, 4, 5),
(1035, 44, 1, 5, 7, 1, 8),
(1036, 44, 2, 36, 7, 2, 3),
(1037, 44, 2, 35, 7, 4, 5),
(1038, 44, 2, 40, 7, 6, 7),
(1039, 44, 1, 4, 8, 1, 8),
(1040, 44, 2, 26, 8, 2, 3),
(1041, 44, 2, 25, 8, 4, 5),
(1042, 44, 2, 30, 8, 6, 7),
(1043, 44, 1, 7, 12, 1, 8),
(1044, 44, 2, 80, 12, 2, 3),
(1045, 44, 2, 13, 12, 4, 5),
(1046, 44, 2, 29, 12, 6, 7),
(1047, 45, 1, 2, 29, 1, 12),
(1048, 45, 2, 2, 29, 2, 3),
(1049, 45, 2, 10, 29, 4, 5),
(1050, 45, 2, 11, 29, 6, 7),
(1051, 45, 2, 5, 29, 8, 9),
(1052, 45, 2, 3, 29, 10, 11),
(1053, 43, 2, 26, 8, 2, 3),
(1054, 43, 2, 25, 8, 4, 5),
(1055, 43, 2, 30, 8, 6, 7),
(1077, 36, 1, 4, 8, 1, 4),
(1078, 36, 1, 3, 8, 5, 14),
(1079, 36, 2, 25, 8, 2, 3),
(1089, 36, 2, 18, 8, 6, 7),
(1090, 36, 2, 25, 8, 8, 9),
(1091, 36, 2, 19, 8, 10, 11),
(1092, 36, 2, 22, 8, 12, 13),
(1100, 37, 36, 2, 14, 1, 2),
(1101, 37, 1, 2, 15, 1, 2),
(1102, 37, 36, 2, 15, 3, 4),
(1105, 37, 36, 2, 31, 1, 2),
(1108, 37, 1, 2, 35, 1, 2),
(1109, 37, 36, 2, 35, 3, 4),
(1110, 37, 1, 2, 27, 1, 2),
(1111, 37, 36, 2, 27, 3, 4),
(1112, 37, 36, 2, 13, 1, 2),
(1122, 51, 1, 2, 14, 1, 4),
(1123, 51, 2, 11, 14, 2, 3),
(1157, 50, 1, 2, 15, 1, 8),
(1158, 50, 2, 7, 15, 2, 3),
(1159, 50, 2, 3, 15, 4, 5),
(1160, 50, 2, 2, 15, 6, 7),
(1170, 41, 1, 2, 13, 1, 2),
(1171, 41, 1, 1, 13, 3, 4),
(1172, 41, 1, 3, 13, 5, 6),
(1173, 2, 1, 2, 13, 1, 2),
(1174, 2, 1, 1, 13, 3, 4),
(1175, 2, 1, 3, 13, 5, 6),
(1176, 3, 1, 2, 13, 1, 2),
(1177, 3, 1, 1, 13, 3, 4),
(1178, 3, 1, 3, 13, 5, 6),
(1179, 10, 1, 2, 13, 1, 2),
(1180, 10, 1, 1, 13, 3, 4),
(1181, 10, 1, 3, 13, 5, 6),
(1182, 13, 1, 2, 13, 1, 2),
(1183, 13, 1, 1, 13, 3, 4),
(1184, 13, 1, 3, 13, 5, 6),
(1185, 14, 1, 2, 13, 1, 2),
(1186, 14, 1, 1, 13, 3, 4),
(1187, 14, 1, 3, 13, 5, 6),
(1188, 57, 1, 2, 13, 1, 2),
(1189, 57, 1, 1, 13, 3, 4),
(1190, 57, 1, 3, 13, 5, 6),
(1196, 54, 1, 6, 7, 1, 4),
(1197, 54, 2, 54, 7, 2, 3),
(1198, 61, 1, 2, 13, 1, 2),
(1199, 61, 1, 1, 13, 3, 4),
(1200, 61, 1, 3, 13, 5, 6),
(1232, 65, 1, 2, 26, 1, 4),
(1234, 65, 2, 9, 26, 2, 3),
(1256, 66, 1, 6, 11, 1, 6),
(1259, 66, 2, 55, 11, 2, 3),
(1260, 66, 2, 50, 11, 4, 5),
(1264, 50, 1, 5, 7, 1, 6),
(1265, 50, 2, 36, 7, 2, 3),
(1266, 50, 2, 35, 7, 4, 5),
(1267, 48, 30, 29, 8, 1, 2),
(1298, 26, 11, 155, 11, 1, 2),
(1299, 26, 11, 130, 24, 1, 2),
(1300, 26, 11, 12, 39, 1, 2),
(1311, 77, 1, 7, 60, 1, 4),
(1312, 77, 7, 2, 60, 5, 14),
(1319, 79, 1, 4, 59, 1, 6),
(1320, 79, 1, 9, 59, 7, 10),
(1321, 79, 2, 78, 59, 8, 9),
(1325, 79, 2, 36, 59, 2, 3),
(1326, 79, 2, 31, 59, 4, 5),
(1332, 74, 1, 2, 59, 1, 6),
(1333, 74, 7, 2, 59, 7, 26),
(1334, 74, 2, 83, 59, 2, 3),
(1335, 74, 2, 11, 59, 4, 5),
(1336, 74, 8, 2, 59, 8, 9),
(1337, 74, 8, 3, 59, 10, 11),
(1338, 74, 8, 4, 59, 12, 13),
(1339, 74, 8, 5, 59, 14, 15),
(1340, 74, 8, 6, 59, 16, 17),
(1341, 74, 8, 7, 59, 18, 19),
(1342, 74, 8, 8, 59, 20, 21),
(1343, 74, 8, 9, 59, 22, 23),
(1344, 74, 8, 10, 59, 24, 25),
(1346, 80, 7, 2, 58, 1, 6),
(1347, 80, 8, 13, 58, 2, 3),
(1348, 80, 8, 2, 58, 4, 5),
(1349, 81, 1, 2, 58, 1, 6),
(1350, 81, 2, 13, 58, 2, 3),
(1351, 81, 2, 17, 58, 4, 5),
(1358, 77, 1, 6, 58, 1, 4),
(1359, 77, 7, 2, 58, 5, 14),
(1360, 77, 2, 55, 58, 2, 3),
(1361, 77, 1, 4, 59, 1, 4),
(1362, 77, 7, 2, 59, 5, 14),
(1363, 77, 2, 36, 59, 2, 3),
(1364, 77, 8, 13, 58, 6, 7),
(1365, 77, 8, 2, 58, 8, 9),
(1366, 77, 8, 3, 58, 10, 11),
(1367, 77, 8, 4, 58, 12, 13),
(1368, 77, 8, 10, 59, 6, 7),
(1369, 77, 8, 11, 59, 8, 9),
(1370, 77, 8, 12, 59, 10, 11),
(1371, 77, 8, 13, 59, 12, 13),
(1372, 77, 8, 10, 60, 6, 7),
(1373, 77, 8, 11, 60, 8, 9),
(1374, 77, 8, 12, 60, 10, 11),
(1375, 77, 8, 13, 60, 12, 13),
(1376, 77, 2, 36, 60, 2, 3),
(1377, 77, 1, 4, 62, 1, 4),
(1378, 77, 7, 2, 62, 5, 14),
(1379, 77, 8, 10, 62, 6, 7),
(1380, 77, 8, 11, 62, 8, 9),
(1381, 77, 8, 12, 62, 10, 11),
(1382, 77, 8, 13, 62, 12, 13),
(1383, 77, 2, 37, 62, 2, 3),
(1387, 49, 1, 4, 59, 1, 4),
(1388, 49, 2, 32, 59, 2, 3),
(1389, 82, 7, 2, 59, 1, 6),
(1390, 82, 8, 9, 59, 2, 3),
(1391, 82, 8, 10, 59, 4, 5),
(1392, 48, 30, 5, 59, 1, 2),
(1393, 83, 7, 2, 58, 1, 8),
(1394, 83, 8, 11, 58, 2, 3),
(1395, 83, 8, 12, 58, 4, 5),
(1396, 83, 8, 13, 58, 6, 7),
(1397, 50, 7, 2, 59, 1, 4),
(1398, 50, 8, 12, 59, 2, 3),
(1399, 50, 7, 2, 62, 1, 4),
(1400, 50, 8, 12, 62, 2, 3),
(1401, 50, 7, 2, 60, 1, 8),
(1402, 50, 8, 8, 60, 2, 3),
(1403, 50, 8, 9, 60, 4, 5),
(1404, 50, 8, 10, 60, 6, 7),
(1405, 84, 7, 2, 58, 1, 6),
(1406, 84, 8, 12, 58, 2, 3),
(1407, 84, 8, 13, 58, 4, 5),
(1408, 84, 7, 2, 60, 1, 6),
(1409, 84, 8, 9, 60, 2, 3),
(1410, 84, 8, 10, 60, 4, 5),
(1411, 84, 7, 2, 62, 1, 6),
(1412, 84, 8, 9, 62, 2, 3),
(1413, 84, 8, 10, 62, 4, 5),
(1414, 102, 1, 2, 29, 1, 6),
(1415, 102, 2, 5, 29, 2, 3),
(1416, 102, 2, 12, 29, 4, 5),
(1417, 102, 1, 2, 26, 1, 6),
(1418, 102, 2, 3, 26, 2, 3),
(1419, 102, 2, 2, 26, 4, 5),
(1420, 102, 1, 2, 59, 1, 6),
(1421, 102, 1, 2, 60, 1, 6),
(1422, 102, 2, 83, 59, 2, 3),
(1423, 102, 2, 11, 59, 4, 5),
(1424, 102, 2, 83, 60, 2, 3),
(1425, 102, 2, 11, 60, 4, 5);
SET IDENTITY_INSERT dbo.user_has_restrict OFF
-- --------------------------------------------------------

--
-- Структура таблицы user_has_restrict_fields
--
IF EXISTS (SELECT NULL FROM sys.tables WHERE name = 'user_has_restrict_fields')
DROP TABLE dbo.user_has_restrict_fields

CREATE TABLE dbo.user_has_restrict_fields (
  id int IDENTITY(1,1) NOT NULL,
  user_id int NOT NULL CONSTRAINT fk_user_has_restrict_fields_user1 FOREIGN KEY REFERENCES dbo.[user] (id),
  restrict_id int NOT NULL CONSTRAINT fk_user_has_restrict_fields_restrict1 FOREIGN KEY REFERENCES dbo.[restrict] (id),
  data_bases_id int NOT NULL CONSTRAINT fk_user_has_restrict_fields_data_bases1 FOREIGN KEY REFERENCES dbo.data_bases(id),
  PRIMARY KEY (id,user_id,restrict_id,data_bases_id)  
) 

-- --------------------------------------------------------

--
-- Структура таблицы user_pivot
--
IF EXISTS (SELECT NULL FROM sys.tables WHERE name = 'user_pivot')
DROP TABLE dbo.user_pivot

CREATE TABLE dbo.user_pivot (
  pivot_id int IDENTITY(1,1) NOT NULL,
  user_id int NOT NULL CONSTRAINT fk_user_pivot_user FOREIGN KEY REFERENCES dbo.[user] (id),
  pivot_name varchar(255) NOT NULL,
  tabDatabaseId int NOT NULL,
  tabFieldsArrHeader varchar(2048) NOT NULL,
  tabFieldsArrLeft varchar(2048) NOT NULL,
  tabCritActive varchar(2048) NOT NULL,
  tabFieldsFilterArr varchar(2048) NOT NULL,
  tabFieldsSortArr varchar(2048) NOT NULL,
  PRIMARY KEY (pivot_id)  
)

SET IDENTITY_INSERT dbo.user_pivot ON
INSERT INTO dbo.user_pivot (pivot_id, user_id, pivot_name, tabDatabaseId, tabFieldsArrHeader, tabFieldsArrLeft, tabCritActive, tabFieldsFilterArr, tabFieldsSortArr) VALUES
(7, 86, 'MVAN and close', 60, 'a:1:{i:0;s:1:"6";}', 'a:5:{i:0;s:1:"0";i:1;s:1:"7";i:2;s:1:"5";i:3;s:2:"17";i:4;s:2:"11";}', 'a:1:{i:0;s:1:"0";}', 'a:3:{i:0;a:9:{i:0;s:2:"15";i:1;s:1:"6";i:2;s:1:"4";i:3;s:2:"16";i:4;s:1:"3";i:5;s:2:"12";i:6;s:2:"11";i:7;s:2:"13";i:8;s:1:"7";}i:10;a:1:{i:0;s:1:"2";}i:12;a:1:{i:0;s:1:"3";}}', 'a:5:{s:7:"A_BRAND";s:0:"";s:7:"A_MODEL";s:0:"";s:7:"A_KUZOV";s:0:"";s:8:"A_V_DIAP";s:0:"";s:9:"A_NAME_VL";s:0:"";}'),
(8, 86, 'VAN for MVAN', 60, 'a:1:{i:0;s:1:"6";}', 'a:6:{i:0;s:1:"0";i:1;s:1:"7";i:2;s:1:"5";i:3;s:1:"8";i:4;s:2:"17";i:5;s:2:"11";}', 'a:1:{i:0;s:1:"0";}', 'a:3:{i:0;a:9:{i:0;s:2:"15";i:1;s:1:"6";i:2;s:1:"4";i:3;s:2:"16";i:4;s:1:"3";i:5;s:2:"12";i:6;s:2:"11";i:7;s:2:"13";i:8;s:1:"7";}i:10;a:1:{i:0;s:1:"2";}i:12;a:1:{i:0;s:1:"3";}}', 'a:6:{s:7:"A_BRAND";s:0:"";s:7:"A_MODEL";s:0:"";s:7:"A_KUZOV";s:0:"";s:9:"A_NAME_DV";s:0:"";s:8:"A_V_DIAP";s:0:"";s:9:"A_NAME_VL";s:0:"";}'),
(9, 102, 'Jaguar_StP', 29, 'a:1:{i:0;s:1:"3";}', 'a:4:{i:0;s:2:"15";i:1;s:1:"0";i:2;s:2:"26";i:3;s:1:"6";}', 'a:1:{i:0;s:1:"0";}', 'a:3:{i:0;a:1:{i:0;s:2:"61";}i:6;a:18:{i:0;s:4:"1510";i:1;s:1:"2";i:2;s:3:"803";i:3;s:4:"1511";i:4;s:4:"1590";i:5;s:4:"1329";i:6;s:3:"878";i:7;s:3:"666";i:8;s:4:"1241";i:9;s:4:"1243";i:10;s:4:"1059";i:11;s:4:"1064";i:12;s:4:"1253";i:13;s:4:"1124";i:14;s:4:"1013";i:15;s:4:"1192";i:16;s:4:"1623";i:17;s:4:"1206";}i:15;a:1:{i:0;s:2:"12";}}', 'a:4:{s:8:"A_REGION";s:0:"";s:7:"A_BRAND";s:0:"";s:8:"RAION_GR";s:0:"";s:7:"A_MODEL";s:0:"";}'),
(10, 102, 'Jaguar_StP', 29, 'a:1:{i:0;s:1:"3";}', 'a:4:{i:0;s:2:"15";i:1;s:1:"0";i:2;s:2:"26";i:3;s:1:"6";}', 'a:1:{i:0;s:1:"0";}', 'a:3:{i:0;a:1:{i:0;s:2:"61";}i:6;a:18:{i:0;s:4:"1510";i:1;s:1:"2";i:2;s:3:"803";i:3;s:4:"1511";i:4;s:4:"1590";i:5;s:4:"1329";i:6;s:3:"878";i:7;s:3:"666";i:8;s:4:"1241";i:9;s:4:"1243";i:10;s:4:"1059";i:11;s:4:"1064";i:12;s:4:"1253";i:13;s:4:"1124";i:14;s:4:"1013";i:15;s:4:"1192";i:16;s:4:"1623";i:17;s:4:"1206";}i:15;a:1:{i:0;s:2:"12";}}', 'a:4:{s:8:"A_REGION";s:0:"";s:7:"A_BRAND";s:0:"";s:8:"RAION_GR";s:0:"";s:7:"A_MODEL";s:0:"";}'),
(11, 102, 'StPLO_Premium', 29, 'a:0:{}', 'a:5:{i:0;s:2:"15";i:1;s:2:"26";i:2;s:1:"0";i:3;s:1:"6";i:4;s:1:"3";}', 'a:1:{i:0;s:1:"0";}', 'a:2:{i:0;a:4:{i:0;s:2:"14";i:1;s:2:"17";i:2;s:2:"61";i:3;s:2:"16";}i:15;a:2:{i:0;s:1:"5";i:1;s:2:"12";}}', 'a:5:{s:8:"A_REGION";s:0:"";s:8:"RAION_GR";s:0:"";s:7:"A_BRAND";s:0:"";s:7:"A_MODEL";s:0:"";s:9:"A_GOD_VIP";s:0:"";}'),
(12, 102, 'StPLO', 29, 'a:0:{}', 'a:5:{i:0;s:2:"15";i:1;s:2:"26";i:2;s:1:"0";i:3;s:1:"6";i:4;s:1:"3";}', 'a:1:{i:0;s:1:"0";}', 'a:2:{i:0;a:4:{i:0;s:2:"14";i:1;s:2:"17";i:2;s:2:"61";i:3;s:2:"16";}i:15;a:2:{i:0;s:1:"5";i:1;s:2:"12";}}', 'a:5:{s:8:"A_REGION";s:0:"";s:8:"RAION_GR";s:0:"";s:7:"A_BRAND";s:0:"";s:7:"A_MODEL";s:0:"";s:9:"A_GOD_VIP";s:0:"";}'),
(13, 110, '1', 94, 'a:0:{}', 'a:0:{}', 'a:1:{i:0;s:1:"0";}', 'a:0:{}', 'a:0:{}'),
(14, 110, 'Test 1', 64, 'a:0:{}', 'a:0:{}', 'a:1:{i:0;s:1:"0";}', 'a:19:{i:0;s:9:"undefined";i:1;s:9:"undefined";i:2;s:9:"undefined";i:3;s:9:"undefined";i:4;s:9:"undefined";i:5;s:9:"undefined";i:6;s:9:"undefined";i:7;s:9:"undefined";i:8;s:9:"undefined";i:9;s:9:"undefined";i:10;s:9:"undefined";i:11;s:9:"undefined";i:12;s:9:"undefined";i:13;s:9:"undefined";i:14;s:9:"undefined";i:15;s:9:"undefined";i:16;s:9:"undefined";i:17;s:9:"undefined";i:18;s:9:"undefined";}', 'a:0:{}');
SET IDENTITY_INSERT dbo.user_pivot OFF